DATE,Time,STREET NAME,VEHICLES,TOTAL PEOPLE,PEDESTRIANS,BICYCLISTS,INJURIES,MAJOR INJURIES,FATALITIES 
11-Jan,3:36 a.m.,BENSON ST & FRANKFORD AV,2,3,1,0,0,0,1
11-Jan,21:00 p.m.,CONSHOHOCKEN AV,1,2,1,0,1,1,0
11-Jan,17:45 p.m.,WOODLAND AV,1,2,1,0,0,0,1
11-Jan,3:10 a.m.,GLENWOOD AV,1,2,1,0,1,1,0
11-Feb,16:37 p.m.,N FRONT ST,1,2,1,0,0,0,1
11-Jan,8:00 a.m.,CAMBRIA ST & FOURTH ST,1,2,1,0,1,1,0
11-Feb,22:20 p.m.,ARCH ST,1,2,1,0,1,1,0
11-Feb,99:99 p.m.,TWELFTH ST,1,2,1,0,1,1,0
11-Feb,17:00 p.m.,PASSYUNK AV & RITNER ST,1,2,1,0,1,1,0
11-Feb,20:06 p.m.,TABOR RD,1,3,1,0,1,1,0
11-Feb,18:56 p.m.,CHAMPLOST ST & TENTH ST,1,3,2,0,2,1,0
11-Feb,5:30 a.m.,TABOR AV & GODFREY AV,1,2,0,1,1,1,0
11-Feb,13:33 p.m.,BROAD ST & BRANDYWINE ST,1,2,0,1,1,1,0
11-Feb,21:20 p.m.,MELON ST & BROAD ST,1,2,1,0,0,0,1
11-Feb,20:14 p.m.,BROAD ST,4,13,2,0,1,0,1
11-Mar,13:30 p.m.,HOWELL ST & TORRESDALE AV,1,2,0,1,1,1,0
11-Mar,18:57 p.m.,S CONCOURSE DR PS & LANSDOWNE DR PS,1,2,0,1,1,1,0
11-Mar,16:35 p.m.,BROAD ST & VINE ST & RAMP RD,1,2,1,0,1,1,0
11-Mar,18:40 p.m.,FRONT ST & SNYDER AV,1,3,1,0,1,1,0
11-Mar,22:52 p.m.,SIXTYSIXTH AV,1,3,1,0,1,1,0
11-Mar,14:00 p.m.,TWELFTH ST,1,3,2,0,2,2,0
11-Apr,19:08 p.m.,CHESTER AV & FIFTYEIGHTH ST,4,6,3,0,4,2,1
11-Apr,2:23 a.m.,RICHMOND ST,1,2,1,0,0,0,1
11-Apr,21:29 p.m.,ROOSEVELT BL,1,2,1,0,1,0,1
11-Apr,13:57 p.m.,EIGHTEENTH ST,1,3,1,0,1,1,0
11-Apr,18:54 p.m.,LAWNDALE ST & LUZERNE ST,1,2,1,0,1,1,0
11-Apr,8:00 a.m.,WHITAKER AV & ROOSEVELT BL,1,2,1,0,1,1,0
11-Apr,5:40 a.m.,CHRISTOPHER COLUMBUS BL & RACE ST,1,2,1,0,1,1,0
11-Apr,15:11 p.m.,SANGER ST & ROOSEVELT BL,1,7,1,0,1,1,0
11-Apr,16:32 p.m.,VAUX ST & MIDVALE AV,1,2,1,0,1,1,0
11-Apr,13:20 p.m.,CHAMPLOST AV & N 5TH ST,1,2,1,0,1,1,0
11-Apr,22:30 p.m.,CAMBRIA ST & CHALMERS ST,1,2,1,0,1,1,0
11-May,1:51 a.m.,ROOSEVELT BL & FIFTH ST,1,2,1,0,0,0,1
11-May,19:23 p.m.,FRONT ST,1,2,1,0,0,0,1
11-May,2:32 a.m.,21ST ST & WALNUT ST,1,2,1,0,1,1,0
11-Mar,2:26 a.m.,TORRESDALE AV,1,2,1,0,1,1,0
11-May,2:35 a.m.,CHRISTOPHER COLUMBUS BL,1,3,1,0,1,1,0
11-May,5:26 a.m.,WELSH RD & ROOSEVELT BL,1,2,1,0,0,0,1
11-May,15:25 p.m.,ACADEMY RD,1,2,1,0,0,0,1
11-May,10:33 a.m.,BROAD ST & RITNER ST,1,2,1,0,0,0,1
11-May,17:50 p.m.,GRAYS FERRY AV & FITZWATER ST,1,2,0,1,1,1,0
11-May,13:44 p.m.,MASCHER ST & ALLEGHENY AV,1,2,1,0,1,1,0
11-May,17:00 p.m.,WARRINGTON AV & 50TH ST,1,2,1,0,1,1,0
11-Feb,8:34 a.m.,BRIDGE ST & RAMP B RD,1,2,1,0,1,1,0
11-May,23:09 p.m.,58TH ST & SPRINGFIELD AV,1,3,1,0,2,1,0
11-Jun,8:08 a.m.,GILLESPIE ST & LEVICK ST,1,2,1,0,0,0,1
11-Jun,21:57 p.m.,CEDAR AV & SIXTYFIRST ST,1,2,1,0,2,1,0
11-Jun,23:00 p.m.,WYALUSING AV,1,2,1,0,0,0,1
11-Jun,12:48 a.m.,ARAMINGO AV & CAMBRIA ST,2,3,1,0,1,1,0
11-Jun,17:50 p.m.,WALKER ST,1,2,1,0,1,1,0
11-May,18:29 p.m.,CHRISTIAN ST,1,5,1,0,1,1,0
11-Jun,10:43 a.m.,KINGSESSING AV & FORTYSEVENTH ST,1,2,0,1,1,1,0
11-Jun,9:30 a.m.,DOMINO LN,1,2,0,1,1,1,0
11-Jun,19:47 p.m.,BUSTLETON AV & BOWLER ST,1,4,1,0,1,1,0
11-Jun,18:30 p.m.,BENNINGTON ST,1,2,1,0,1,1,0
11-Jul,23:00 p.m.,JASPER ST & VENANGO ST,1,2,1,0,1,1,0
11-Jun,13:40 p.m.,FIFTH ST,2,2,0,1,1,1,0
11-Jul,23:22 p.m.,COMLY ST & TACONY ST,1,2,1,0,1,1,0
11-Jun,17:40 p.m.,SUSQUEHANNA AV,1,3,1,0,1,1,0
11-Jul,23:57 p.m.,FRANKFORD AV,1,2,1,0,0,0,1
11-Jul,22:30 p.m.,FIFTH ST,1,2,1,0,1,1,0
11-Jul,4:48 a.m.,MAY ST & LANCASTER AV,1,2,1,0,0,0,1
11-Aug,2:20 a.m.,OGONTZ AV & SPENCER AV,1,2,1,0,1,1,0
11-Jul,19:25 p.m.,CHRISTIAN ST,1,2,1,0,1,1,0
11-Aug,19:15 p.m.,FIFTIETH ST & HAVERFORD AV,1,2,0,1,1,1,0
11-Aug,15:55 p.m.,CHRISTIAN ST & FIFTEENTH ST,1,2,1,0,1,1,0
11-Aug,16:50 p.m.,ALLEGHENY AV,1,3,1,0,1,1,0
11-Aug,17:19 p.m.,BROAD ST,1,2,1,0,1,1,0
11-Jun,19:00 p.m.,TEMPLE RD,2,2,1,0,1,1,0
11-Aug,99:99 p.m.,LEHIGH AV & CORAL ST & FRANKFORD AV,2,4,1,0,4,2,0
11-Aug,20:30 p.m.,HAVERFORD AV & FIFTYSECOND ST,1,2,0,1,1,1,0
11-Aug,99:99 p.m.,FRANKFORD AV,3,10,1,0,10,1,0
11-Aug,8:20 a.m.,NINTH ST & CHESTNUT ST,1,2,1,0,1,1,0
11-Aug,13:11 p.m.,SEDGLEY AV & YORK ST,1,2,1,0,1,1,0
11-Sep,16:25 p.m.,MIDVALE AV & HENRY AV,1,2,1,0,1,1,0
11-Aug,6:00 a.m.,SIXTYFIFTH ST & BUIST AV,1,2,0,1,0,0,1
11-May,18:18 p.m.,COBBS CREEK PY,1,2,0,1,1,1,0
11-May,16:31 p.m.,HUNTINGDON ST & MYRTLEWOOD ST,2,5,4,0,4,1,0
11-Sep,99:99 p.m.,TYSON AV & CASTOR AV,1,2,1,0,1,1,0
11-Sep,99:99 p.m.,MARKET ST,1,3,2,0,2,2,0
11-Sep,6:20 a.m.,SECOND ST & LEHIGH AV,1,2,1,0,1,1,0
11-Sep,9:55 a.m.,SCHUYLKILL AV & RAMP A RD & WALNUT ST & SCHUYLKILL EX,1,2,0,1,1,1,0
11-Sep,13:00 p.m.,FRONT ST & OLNEY AV,1,2,1,0,1,1,0
11-Sep,13:15 p.m.,ROBINSON ST,1,2,1,0,1,1,0
11-Sep,11:41 a.m.,COTTMAN AV & HORROCKS ST,1,3,2,0,2,2,0
11-Aug,19:51 p.m.,DICKINSON ST & TWENTYSEVENTH ST,1,2,1,0,1,1,0
11-Sep,21:00 p.m.,GIRARD AV & NINTH ST,1,3,0,1,1,1,0
11-Sep,3:30 a.m.,S SEVENTH ST,1,2,0,1,1,1,0
11-Sep,6:45 a.m.,TORRESDALE AV,1,2,1,0,0,0,1
11-Sep,19:37 p.m.,B ST,1,2,1,0,0,0,1
11-Sep,14:37 p.m.,ROOSEVELT BL,1,3,2,0,1,0,1
11-Aug,12:00 a.m.,VENANGO ST & CAMAC ST,1,2,1,0,1,1,0
11-Jun,19:35 p.m.,MARTIN LUTHER KING DR,1,2,0,1,1,1,0
11-Oct,12:00 p.m.,FOX ST & ALLEGHENY AV,1,2,1,0,0,0,1
11-Oct,19:30 p.m.,MIDVALE AV & HENRY AV,1,2,1,0,1,1,0
11-Oct,22:30 p.m.,GAUL ST & ALLEGHENY AV,1,2,1,0,0,0,1
11-Sep,18:00 p.m.,RIDGE AV,2,3,1,0,0,0,1
11-Oct,22:06 p.m.,TWENTYTHIRD ST & SPRUCE ST,1,2,0,1,1,1,0
11-Aug,13:36 p.m.,DIAMOND ST,1,4,1,0,3,1,0
11-Oct,15:15 p.m.,FRANKFORD AV & ARROTT ST & OXFORD AV & MARGARET ST,1,2,1,0,1,1,0
11-Oct,13:20 p.m.,CRESTVIEW RD & HENRY AV,1,2,1,0,0,0,1
11-Oct,22:50 p.m.,BROAD ST,1,2,1,0,1,1,0
11-Nov,12:16 a.m.,COTTMAN AV & ROOSEVELT BL,1,2,1,0,1,1,0
11-Sep,2:35 a.m.,JOHN F KENNEDY BL,1,2,1,0,1,1,0
11-Nov,21:15 p.m.,RIDGE AV,1,2,1,0,1,1,0
11-Nov,18:40 p.m.,SOUTH CONCOURSE DR & BELMONT AV,1,2,1,0,0,0,1
11-Nov,15:20 p.m.,CECIL B MOORE AV,2,2,1,0,1,1,0
11-Dec,18:14 p.m.,SOLLY AV & ROOSEVELT BL & PENNYPACK CR,1,2,1,0,1,1,0
11-Dec,8:50 a.m.,TWENTIETH ST & APPLETREE ST,1,2,1,0,0,0,1
11-Jul,21:46 p.m.,ERIE AV,4,3,1,0,2,1,0
11-Dec,18:25 p.m.,PRICE ST,1,3,1,0,1,0,1
11-Nov,18:10 p.m.,LEHIGH AV,6,3,0,1,1,0,1
11-Dec,1:30 a.m.,HUNTING PARK AV,1,2,1,0,1,1,0
11-Dec,18:40 p.m.,OGONTZ AV,1,2,1,0,0,0,1
11-Oct,17:00 p.m.,HUTCHINSON ST,2,3,1,0,1,1,0
11-Dec,10:10 a.m.,FRANKFORD AV,1,2,1,0,0,0,1
11-Oct,23:29 p.m.,DELAWARE EX,1,2,1,0,1,0,1
11-Nov,17:20 p.m.,SEVENTYFIFTH AV & OGONTZ AV & WASHINGTON LN,1,2,1,0,0,0,1
11-Dec,8:28 a.m.,OLNEY AV & FRONT ST,1,3,1,0,1,1,0
11-Dec,23:42 p.m.,ARAMINGO AV,1,2,1,0,1,1,0
12-Jan,20:16 p.m.,CASTOR AV,1,2,1,0,0,0,1
11-Dec,18:41 p.m.,GODFREY AV & FIFTH ST,1,6,1,0,1,1,0
11-Nov,12:25 a.m.,BRIDGE ST & SALMON ST,1,2,1,0,1,1,0
12-Jan,12:51 p.m.,COULTER ST & WAYNE AV,1,2,1,0,1,1,0
12-Jan,17:43 p.m.,CALLOWHILL ST & SIXTH ST,1,2,1,0,1,1,0
12-Jan,15:21 p.m.,LARGE ST,1,5,1,0,1,1,0
12-Feb,15:49 p.m.,DEVEREAUX AV & BUSTLETON AV,1,2,1,0,1,1,0
11-Mar,12:34 p.m.,2ND ST,1,2,1,0,1,1,0
12-Jan,15:39 p.m.,WOODLAND AV & FORTYNINTH ST,1,2,1,0,0,0,1
11-Apr,17:00 p.m.,CHESTNUT ST & TWENTIETH ST,1,2,1,0,1,1,0
12-Feb,2:20 a.m.,BROAD ST & ERIE AV,1,2,1,0,0,0,1
12-Jan,5:56 a.m.,WELSH RD & ROOSEVELT BL,1,2,1,0,0,0,1
12-Jan,22:44 p.m.,B ST & LEHIGH AV,1,3,1,0,2,1,0
12-Feb,99:99 p.m.,WILLITS RD,1,2,1,0,0,0,1
12-Feb,18:43 p.m.,HENRY AV,1,2,1,0,0,0,1
11-Jul,9:13 a.m.,BROAD ST,1,2,1,0,1,1,0
12-Feb,18:15 p.m.,CHRISTOPHER COLUMBUS BL,1,2,1,0,1,1,0
12-Feb,12:28 a.m.,THIRTEENTH ST,1,2,1,0,1,1,0
12-Feb,9:41 a.m.,THIRTYTHIRD ST & GIRARD AV,1,2,1,0,2,1,0
12-Mar,12:25 a.m.,BROAD ST & CHELTENHAM AV,1,2,1,0,0,0,1
12-Feb,16:23 p.m.,RIDGE AV,1,2,1,0,0,0,1
12-Mar,20:58 p.m.,FULMER ST & ROOSEVELT BL,1,3,1,0,1,1,0
12-Mar,12:31 p.m.,EIGHTH ST & WASHINGTON AV,2,7,4,0,4,0,1
12-Mar,22:55 p.m.,LINDBERGH BL,1,2,1,0,1,1,0
12-Mar,10:25 a.m.,WALMART SHOPPING CENTER LT,1,2,1,0,1,1,0
12-Mar,17:15 p.m.,FRANKFORD AV & MORRELL AV,1,2,1,0,1,1,0
11-Jun,7:50 a.m.,BARTRAM AV & EIGHTYFOURTH ST,1,2,1,0,1,1,0
12-Apr,9:19 a.m.,GIRARD AV,1,10,1,0,0,0,1
12-Mar,4:00 a.m.,ELLSWORTH ST & BROAD ST,4,3,1,0,0,0,1
12-Mar,12:23 a.m.,LINDEN AV,1,2,0,1,0,0,1
12-Mar,9:51 a.m.,FRANKFORD AV,1,2,1,0,0,0,1
11-Oct,20:20 p.m.,C ST & ROOSEVELT BL,1,2,1,0,1,1,0
12-Mar,22:21 p.m.,WASHINGTON LN,1,3,1,0,0,0,1
12-Mar,15:28 p.m.,VERNON RD & CHEW AV,1,2,1,0,1,1,0
11-Dec,18:45 p.m.,SUSQUEHANNA AV,1,2,1,0,1,1,0
12-Mar,17:09 p.m.,FIFTYSECOND ST,1,2,1,0,1,1,0
12-Mar,19:00 p.m.,TABOR RD,1,3,1,0,0,0,1
12-Apr,18:28 p.m.,CECIL B MOORE AV & TWENTYEIGHTH ST,1,3,1,0,1,1,0
12-Apr,17:00 p.m.,NINETEENTH ST,1,2,1,0,1,1,0
12-Apr,15:34 p.m.,OAKLEY ST,1,2,1,0,1,1,0
12-Apr,22:17 p.m.,TYSON AV,1,2,0,1,1,1,0
12-Apr,15:25 p.m.,FIFTYFIRST ST,1,3,1,0,1,1,0
12-Apr,18:00 p.m.,BALTIMORE AV,1,2,1,0,1,1,0
12-Apr,2:00 a.m.,HUNTING PARK AV,1,2,1,0,1,1,0
12-Apr,21:30 p.m.,BOYER ST & VERNON RD,1,2,1,0,1,1,0
12-May,18:46 p.m.,COTTMAN AV & ROOSEVELT BL,1,2,1,0,0,0,1
12-Apr,21:00 p.m.,SIXTEENTH ST & MARKET ST,1,2,1,0,1,1,0
12-Apr,12:55 p.m.,TULIP ST,2,3,1,0,1,1,0
12-May,6:15 a.m.,CHELTENHAM AV,1,2,1,0,1,1,0
12-May,10:40 a.m.,EIGHTEENTH ST & CHANCELLOR ST,1,2,1,0,1,1,0
12-Jun,17:00 p.m.,ARAMINGO AV & ALLEGHENY AV,1,2,1,0,1,1,0
12-May,10:00 a.m.,FORTYFIFTH ST & SPRINGFIELD AV,1,3,2,0,2,2,0
12-May,22:15 p.m.,TORRESDALE AV,1,2,0,1,0,0,1
12-May,7:30 a.m.,GIRARD AV & HOWARD ST,1,2,1,0,1,1,0
12-May,19:16 p.m.,RUTLAND ST,1,2,1,0,1,1,0
12-May,14:19 p.m.,SECOND ST,1,2,1,0,1,1,0
12-May,23:35 p.m.,FRANKFORD AV,1,2,1,0,1,1,0
12-May,14:07 p.m.,TYSON AV & ROOSEVELT BL,1,2,1,0,2,1,0
12-Jun,8:50 a.m.,MARKET ST,1,3,1,0,1,1,0
12-Jun,15:40 p.m.,CRESTON ST,1,2,1,0,1,1,0
12-May,15:30 p.m.,CECIL B MOORE AV,1,2,1,0,1,1,0
12-May,6:35 a.m.,RED LION RD,1,4,3,0,3,0,1
12-May,20:53 p.m.,ELKHART ST & FRANKFORD AV,1,3,1,0,0,0,1
12-Jun,7:00 a.m.,COTTMAN AV & BROUS AV,1,2,1,0,1,1,0
12-May,20:00 p.m.,MARKET ST,1,2,0,1,1,1,0
12-Jul,1:28 a.m.,BELFIELD AV,1,3,1,0,1,1,0
12-Jun,2:10 a.m.,SIXTYFIRST ST & CHESTNUT ST,1,2,1,0,1,1,0
12-Jul,23:09 p.m.,PASSYUNK AV,1,2,1,0,0,0,1
12-Jun,5:45 a.m.,AMERICAN ST,1,2,1,0,0,0,1
12-May,21:40 p.m.,S 64TH ST & GARMAN ST,1,2,1,0,1,1,0
12-Jul,17:50 p.m.,NINETEENTH ST,1,2,0,1,1,1,0
12-Jul,20:10 p.m.,VINE ST & SIXTYSECOND ST,1,2,0,1,1,1,0
12-Aug,10:50 a.m.,ERIE AV & L ST,1,2,1,0,0,0,1
12-Jul,16:39 p.m.,BROAD ST,2,3,1,0,1,1,0
12-Jul,99:99 p.m.,ROSS ST,1,3,1,0,1,1,0
12-Jul,18:00 p.m.,DICKINSON ST & NINETEENTH ST,1,2,0,1,1,1,0
12-Aug,22:30 p.m.,FIFTYSIXTH ST & WHITBY AV,1,2,0,1,1,1,0
12-Aug,1:10 a.m.,OXFORD AV,1,2,1,0,1,0,1
12-Aug,16:19 p.m.,53RD ST & DELANCEY ST,1,3,1,0,1,1,0
12-Aug,2:14 a.m.,HARTEL AV & ROOSEVELT BL,1,2,1,0,0,0,1
12-Jul,1:47 a.m.,DELAWARE AV,1,2,1,0,1,1,0
12-Aug,22:52 p.m.,ROOSEVELT BL,1,3,2,0,2,0,1
12-Aug,16:37 p.m.,FIFTYFIFTH ST,1,2,1,0,1,1,0
12-Sep,10:10 a.m.,MARKET ST,1,2,1,0,1,1,0
12-Sep,7:25 a.m.,KELLY DR,2,2,1,0,0,1,0
12-Aug,19:29 p.m.,PINE ST,1,2,1,0,1,1,0
12-Sep,21:55 p.m.,THOMPSON ST & DAUPHIN ST,1,4,1,0,2,1,0
12-Oct,5:15 a.m.,BROAD ST,1,3,1,0,1,1,0
12-Oct,20:00 p.m.,BROAD ST,1,2,1,0,1,1,0
12-Oct,16:00 p.m.,EDGEMONT ST,1,2,1,0,1,1,0
12-Sep,17:55 p.m.,GODFREY AV & TENTH ST,1,1,1,0,1,1,0
12-Sep,4:20 a.m.,QUEEN LN & WAYNE AV,2,3,1,0,2,1,0
12-Oct,19:58 p.m.,LEHIGH AV & GERMANTOWN AV,1,2,1,0,1,1,0
12-Oct,20:36 p.m.,OREGON AV & 10TH ST,1,2,0,1,0,0,2
12-Sep,13:00 p.m.,LEHIGH AV,1,2,1,0,1,1,0
12-Oct,19:17 p.m.,BUSTLETON AV,1,2,1,0,0,0,1
12-Oct,21:40 p.m.,RISING SUN AV,1,2,1,0,1,1,0
12-Oct,1:35 a.m.,GREENWAY AV,1,2,1,0,1,1,0
12-Oct,20:35 p.m.,SEDGLEY AV & TIOGA ST,0,5,1,0,1,1,0
12-Oct,2:38 a.m.,FIFTYSIXTH ST & CHESTNUT ST,1,2,1,0,0,0,1
12-Oct,12:52 p.m.,WEBSTER ST,1,3,1,0,1,1,0
12-Oct,18:57 p.m.,ARAMINGO AV & CASTOR AV,1,3,2,0,2,2,0
12-Oct,20:00 p.m.,TORRESDALE AV & PRATT ST,1,2,1,0,1,1,0
12-Nov,15:24 p.m.,WAYNE AV & SCHOOL HOUSE LN,1,2,1,0,1,1,0
12-Nov,20:07 p.m.,VERNON RD & STENTON AV,1,2,1,0,1,1,0
12-Nov,15:25 p.m.,KNORR ST,1,2,1,0,1,1,0
12-Nov,19:05 p.m.,ADAMS AV,1,2,1,0,0,0,1
12-Jun,20:54 p.m.,LEHIGH AV,1,2,1,0,1,1,0
12-Dec,16:32 p.m.,WHITAKER AV,1,2,1,0,0,0,1
12-Dec,22:20 p.m.,CHESTER AV,1,2,1,0,0,0,1
12-Nov,16:25 p.m.,WESTMORELAND ST & RICHMOND ST,1,2,1,0,2,1,0
12-Dec,99:99 p.m.,ROOSEVELT BL & FOUTH ST,1,2,1,0,1,1,0
12-Oct,12:36 p.m.,15TH ST & WALNUT ST,1,2,0,1,1,1,0
12-Oct,15:04 p.m.,LEHIGH AV & SECOND ST,1,2,1,0,1,1,0
12-Nov,99:99 p.m.,JACKSON ST,1,2,1,0,1,1,0
12-Sep,23:25 p.m.,HARBISON AV,1,2,1,0,1,1,0
12-Dec,12:53 p.m.,LINDBERGH BL,1,2,1,0,0,0,1
12-Dec,21:16 p.m.,ROOSEVELT BL & RHWAN ST,1,2,1,0,0,0,1
12-Dec,18:13 p.m.,MURDOCH RD & STENTON AV,1,2,1,0,0,0,1
12-Dec,6:40 a.m.,LINDBERGH BL & SEVENTYFOURTH ST,1,2,1,0,0,0,1
12-Dec,23:04 p.m.,SPRINGFIELD AV & BALTIMORE AV,1,4,1,0,1,1,0
12-Dec,7:25 a.m.,60TH ST & VINE ST,1,3,0,1,0,0,1
12-Dec,1:42 a.m.,THIRTYSIXTH ST & CHESTNUT ST,1,4,1,0,1,1,0
12-Nov,4:57 a.m.,ESSINGTON AV,1,2,1,0,1,1,0
12-Dec,10:25 a.m.,ALLEGHENY AV & FRANKFORD AV,1,2,1,0,1,1,0
12-Dec,15:21 p.m.,MARKET ST & SIXTYTHIRD ST & COBBS CREEK PY,1,3,1,0,1,1,0
12-Sep,19:00 p.m.,RAMP RD & UNIVERSITY AV,1,3,0,1,0,0,1
12-Dec,20:17 p.m.,FRANKFORD AV,1,2,1,0,0,0,1
13-Jan,2:35 a.m.,CITY AV,1,2,1,0,0,0,1
12-Oct,18:00 p.m.,POPLAR ST & SIXTEENTH ST,1,2,0,1,1,1,0
13-Jan,12:13 p.m.,APPLE ST & SHURS LN,1,2,0,1,1,1,0
13-Jan,19:18 p.m.,OXFORD AV & PRATT ST,1,2,1,0,1,1,0
13-Jan,14:59 p.m.,MARKET ST & TWENTIETH ST,1,2,1,0,1,1,0
13-Feb,8:14 a.m.,WHITAKER AV & RUSCOMB ST & ASHDALE ST & F ST,1,2,1,0,1,1,0
11-May,11:30 a.m.,DELAWARE AV,1,2,0,1,1,1,0
13-Jan,17:31 p.m.,PENROSE AV,2,3,1,0,0,0,1
13-Jan,18:16 p.m.,KNIGHTS RD,1,2,1,0,0,0,1
13-Feb,11:22 a.m.,MT AIRY AV,1,4,1,0,0,0,1
11-Nov,12:20 p.m.,COTTMAN AV,1,2,1,0,1,1,0
12-Dec,12:02 p.m.,GARLAND ST & ROOSEVELT BL,1,2,1,0,1,1,0
13-Feb,6:07 a.m.,MILNOR ST & LEFEVRE ST & MARGARET ST & ARAMINGO AV,1,2,1,0,0,0,1
13-Feb,15:37 p.m.,CHRISTIAN ST & EIGHTH ST,1,4,1,0,0,0,1
13-Mar,14:29 p.m.,CHURCH ST & WORTH ST,1,2,1,0,1,1,0
13-Mar,18:20 p.m.,LONGSHORE ST & ROOSEVELT BL,1,2,1,0,1,1,0
13-Mar,8:30 a.m.,MARKET ST & NINTH ST,1,2,1,0,1,1,0
13-Jan,23:50 p.m.,DELAWARE EX,1,2,1,0,0,0,1
13-Feb,12:00 p.m.,BROAD ST,1,3,1,0,0,0,1
13-Jan,7:03 a.m.,COTTMAN AV & TABOR AV,1,2,1,0,0,0,1
13-Feb,9:35 a.m.,FRANKFORD AV,1,3,2,0,2,1,1
13-Mar,8:30 a.m.,CHELTENHAM AV & TORRESDALE AV,1,2,1,0,1,1,0
13-Mar,7:27 a.m.,UNIVERSITY AV,1,2,1,0,0,0,1
13-Feb,15:45 p.m.,LINDBERGH BL,1,4,3,0,3,3,0
13-Mar,11:06 a.m.,BUSTLETON AV,1,2,1,0,0,0,1
13-Mar,10:00 a.m.,HENRY AV & INDIAN QUEEN LN,2,4,1,0,1,1,0
13-Feb,18:16 p.m.,BRIDGE ST & TORRESDALE AV,1,4,1,0,1,1,0
13-Mar,19:00 p.m.,FRANKFORD AV,1,2,1,0,1,1,0
13-Mar,13:35 p.m.,LEHIGH AV,1,2,1,0,1,1,0
13-Apr,5:40 a.m.,TWENTYNINTH ST & VARE AV,1,4,1,0,1,1,0
13-Apr,10:40 a.m.,TORRESDALE AV,1,2,1,0,1,1,0
13-Mar,11:30 a.m.,ARMAT ST & GERMANTOWN AV,1,2,1,0,1,1,0
13-Apr,23:39 p.m.,FIFTH ST & GODFREY AV,1,3,1,0,1,1,0
13-Apr,22:30 p.m.,NORRIS ST & TWENTYFOURTH ST,1,2,1,0,1,1,0
13-Apr,23:00 p.m.,RYAN AV & SANDYFORD AV,1,2,1,0,1,1,0
13-Apr,16:00 p.m.,CAMBRIA ST & BELGRADE ST,1,2,1,0,1,1,0
13-Jan,23:19 p.m.,VALLEY ST & WAKELING ST,1,2,1,0,1,1,0
13-May,16:32 p.m.,SPRING GARDEN ST & EIGHTEENTH ST,2,4,2,0,3,0,1
13-May,17:00 p.m.,MARVINE ST,1,2,1,0,1,1,0
13-Apr,18:51 p.m.,BROAD ST,1,3,0,1,1,1,0
13-May,4:32 a.m.,TABOR RD & TABOR AV & ADAMS AV,1,2,1,0,1,1,0
13-Apr,16:50 p.m.,FIFTYSIXTH ST,1,2,1,0,1,1,0
13-May,22:20 p.m.,JOHNSON ST & STENTON AV,1,5,1,0,1,1,0
13-Feb,1:00 a.m.,ADAMS AV,1,2,1,0,1,1,0
13-May,21:00 p.m.,H ST,1,2,0,1,1,1,0
13-May,21:45 p.m.,POWELTON AV & FORTIETH ST,1,2,1,0,1,1,0
13-May,99:99 p.m.,LOCUST ST & TWENTYTHIRD ST,1,2,0,1,1,1,0
13-May,19:15 p.m.,THIRD ST & LOMBARD ST,1,2,1,0,1,1,0
13-Jun,17:35 p.m.,CHESTER AV & FIFTYEIGHTH ST,1,2,1,0,1,1,0
13-May,14:45 p.m.,JEFFERSON ST & FIFTH ST,1,2,0,1,1,1,0
13-Jun,23:00 p.m.,SPRINGFIELD AV & PAXON ST,1,2,1,0,1,1,0
13-May,13:30 p.m.,OREGON ST & MOLE AV,2,4,1,0,3,1,0
13-Mar,6:44 a.m.,LEVICK ST,1,2,1,0,1,1,0
13-Jul,9:20 a.m.,AMERICAN ST & LEHIGH AV,1,2,1,0,0,0,1
13-Jul,22:00 p.m.,SIXTYTHIRD ST & LANSDOWNE AV,1,2,1,0,1,1,0
13-Jun,15:57 p.m.,CECIL B MOORE AV & SIXTH ST,1,2,0,1,1,1,0
13-Jul,14:43 p.m.,CHELWYNDE AV,1,3,1,0,1,1,0
13-Jul,20:18 p.m.,S TWENTYFIRST ST,1,2,1,0,0,0,1
13-Jun,99:99 p.m.,OXFORD AV & COTTMAN AV,1,2,1,0,0,0,1
13-Aug,12:45 a.m.,ELEVENTH ST,1,3,1,0,1,1,0
13-Jun,17:04 p.m.,GIRARD AV & AMERICAN ST & SECOND ST,1,2,1,0,1,1,0
13-Jul,20:33 p.m.,FIFTH ST,1,2,1,0,0,0,1
13-Jun,4:41 a.m.,KENSINGTON AV,1,2,1,0,1,1,0
13-Jul,16:18 p.m.,GERMANTOWN AV & SEYMOUR ST,1,2,1,0,1,1,0
13-Jul,22:26 p.m.,ROOSEVELT BL,1,6,5,0,1,0,4
13-Jul,99:99 p.m.,SHARPNACK ST,1,2,1,0,1,1,0
13-Jun,13:15 p.m.,CLEARFIELD ST,1,2,1,0,1,1,0
13-May,19:40 p.m.,MASCHER ST,1,2,1,0,1,1,0
13-Jun,19:45 p.m.,RORER ST,1,2,1,0,1,1,0
13-Aug,18:22 p.m.,MARKET ST & THIRTEENTH ST,1,3,1,0,1,1,0
13-Jul,1:32 a.m.,LEHIGH AV,3,2,1,0,1,1,0
13-Jul,16:48 p.m.,SIXTYFIRST ST & BUIST AV,1,2,1,0,1,1,0
13-Jul,2:15 a.m.,DUNKS FERRY RD,1,3,0,2,2,1,0
13-Aug,4:55 a.m.,OGONTZ AV & CHAMPLOST AV,1,2,1,0,1,1,0
13-Aug,5:38 a.m.,CHRISTOPHER COLUMBUS BL & CHRISTIAN ST,1,2,1,0,2,1,0
13-Aug,1:00 a.m.,WATER ST,1,3,2,0,2,1,0
13-Sep,17:53 p.m.,D ST,1,2,1,0,1,1,0
13-Aug,23:10 p.m.,N FIFTH ST,1,2,1,0,0,0,1
13-Aug,13:30 p.m.,MASTER ST & ALLISON ST,1,2,0,1,1,1,0
13-Jul,1:00 a.m.,TABOR RD & RISING SUN AV,1,2,1,0,2,1,0
13-Aug,3:05 a.m.,FORTYEIGHTH ST,1,2,1,0,1,1,0
13-Sep,19:08 p.m.,TACONY ST,1,2,1,0,0,0,1
13-Sep,17:00 p.m.,BRADDOCK ST,1,2,1,0,1,1,0
13-Sep,7:55 a.m.,BROAD ST & CALLOWHILL ST,1,2,1,0,1,1,0
13-Aug,18:45 p.m.,MAIN ST & RIDGE AV,1,6,0,1,1,1,0
13-Sep,7:15 a.m.,THIRD ST & WYOMING AV,3,4,1,0,3,1,0
13-Oct,6:11 a.m.,TWENTYSECOND ST & CHESTNUT ST,1,5,1,0,0,0,1
13-Sep,20:34 p.m.,FIFTH ST & NORRIS ST,1,5,0,1,1,1,0
13-Sep,17:27 p.m.,DIAMOND ST & SEVENTEENTH ST,1,2,1,0,1,1,0
13-Aug,23:59 p.m.,GIRARD AV,1,3,1,0,0,0,1
13-Sep,5:25 a.m.,SPRUCE ST & THIRD ST,1,2,1,0,1,1,0
13-Oct,10:48 a.m.,FRANKFORD AV,1,6,1,0,0,0,1
13-Oct,18:43 p.m.,EIGHTH ST & SHUNK ST,1,2,0,1,1,1,0
13-Oct,22:56 p.m.,CLARISSA ST,1,2,1,0,0,0,1
13-Sep,19:57 p.m.,CLEVELAND ST,1,2,1,0,1,1,0
13-Oct,12:59 p.m.,UPLAND WY & FIFTYFOURTH ST,1,2,0,1,1,1,0
13-Sep,18:18 p.m.,ARAMINGO AV,1,2,1,0,0,0,1
13-Oct,6:20 a.m.,OLNEY AV & RISING SUN AV,1,2,1,0,0,0,1
13-Oct,19:30 p.m.,OGONTZ AV & OLNEY AV,1,2,1,0,1,1,0
13-Oct,20:41 p.m.,ORTHODOX ST & TORRESDALE AV,1,4,1,0,1,1,0
13-Nov,6:35 a.m.,MARKET ST & SIXTIETH ST,1,2,1,0,1,1,0
13-Oct,8:25 a.m.,FISHER AV & A ST,1,2,1,0,1,1,0
13-Nov,99:99 p.m.,GIRARD AV & FRONT ST,1,2,1,0,1,1,0
13-Nov,18:50 p.m.,GIRARD AV,1,3,1,0,0,0,1
13-Jun,19:43 p.m.,ELEANOR ST & FRONT ST & RISING SUN AV,1,3,0,1,1,1,0
13-Jun,12:12 p.m.,ROOSEVELT BL,1,4,1,0,1,1,0
13-Nov,99:99 p.m.,WHITAKER AV & GARLAND ST,1,2,1,0,1,1,0
13-Oct,2:24 a.m.,ALLEGHENY AV & B ST,1,2,1,0,1,1,0
13-Nov,3:15 a.m.,RISING SUN AV,2,3,1,0,0,0,1
13-Nov,21:40 p.m.,GIRARD AV,1,2,1,0,0,0,1
13-Sep,17:00 p.m.,MARKET ST,1,3,1,0,1,1,0
13-Nov,14:09 p.m.,CITY AV & CARDINAL AV,2,3,1,0,1,1,0
13-Oct,19:06 p.m.,GREENWAY AV & FIFTYSECOND ST,1,2,1,0,1,1,0
13-Oct,8:54 a.m.,SWEET BRIAR DR PS & MARTIN LUTHER KING JR DR PS,2,3,0,1,1,1,0
13-Nov,17:55 p.m.,CHESTNUT ST,1,2,0,1,1,1,0
13-Nov,20:00 p.m.,WALNUT ST & FORTIETH ST,1,3,1,0,1,1,0
13-Apr,8:51 a.m.,RAMP RD & TO 3003/0040 RD,2,2,1,0,0,0,1
13-Nov,1:27 a.m.,SCHUYLKILL EX,1,2,1,0,0,0,1
13-Dec,11:40 a.m.,LEHIGH AV & BROAD ST,1,3,1,0,0,0,1
13-Nov,18:30 p.m.,54TH ST,1,2,1,0,1,1,0
13-Nov,9:06 a.m.,BROAD ST,1,2,1,0,1,1,0
13-Nov,22:54 p.m.,RIDGE AV,1,3,2,0,2,2,0
13-Dec,22:25 p.m.,RAMP RD,1,2,1,0,0,0,1
13-Dec,17:10 p.m.,LINDEN AV,1,2,1,0,0,0,1
13-May,23:29 p.m.,WYALUSING ST & FIFTYSECOND ST,1,2,1,0,1,1,0
13-Dec,12:35 a.m.,WOODLAND AV & 54TH ST,1,4,1,0,1,1,0
13-Dec,9:24 a.m.,GLENWOOD AV,1,2,1,0,1,1,0
13-Dec,12:34 a.m.,CHESTNUT ST & 16TH ST,1,2,1,0,1,1,0
14-Jan,8:00 a.m.,RHAWN ST & TORRESDALE AV,1,2,1,0,1,1,0
14-Jan,22:45 p.m.,ROOSEVELT BL,1,2,1,0,0,0,1
14-Jan,6:53 a.m.,POINT BREEZE AV & TASKER ST,1,2,1,0,1,1,0
14-Jan,12:20 a.m.,RAMP RD,1,5,1,0,1,1,0
14-Feb,17:03 p.m.,KINGSESSING AV,1,2,1,0,0,0,1
14-Jan,18:18 p.m.,ISLAND AV & LINDBERGH BL,1,2,1,0,0,0,1
14-Feb,23:47 p.m.,LEHIGH AV,1,2,1,0,0,0,1
14-Feb,1:48 a.m.,PRATT ST & ROOSEVELT BL,1,2,1,0,0,0,1
14-Mar,15:35 p.m.,WHARTON ST,1,2,1,0,1,1,0
14-Mar,15:46 p.m.,BLUE GRASS RD & WELSH RD,1,2,1,0,0,0,1
14-Mar,16:44 p.m.,ROOSEVELT BL,1,2,1,0,0,0,1
14-Mar,20:30 p.m.,RUSCOMB ST & 18TH ST & BELFIELD AV,1,2,1,0,1,1,0
14-Feb,2:00 a.m.,N 2ND ST,2,3,1,0,1,1,0
14-Mar,21:00 p.m.,RUSCOMB ST & BELFIELD AV & OGONTZ AV,1,2,1,0,1,1,0
14-Feb,99:99 p.m.,OXFORD CR & ROOSEVELT BL,1,2,1,0,1,1,0
14-Apr,7:00 a.m.,KENSINGTON AV & ALLEGHENY AV,1,2,1,0,1,1,0
14-Mar,22:34 p.m.,DOMINO LN,1,2,1,0,1,1,0
14-Apr,15:10 p.m.,MARSHALL RD & SPRUCE ST & COBBS CREEK PY,1,2,0,1,1,1,0
14-Apr,14:00 p.m.,40TH ST,1,2,0,1,1,1,0
14-Apr,16:36 p.m.,HADFIELD ST,1,2,1,0,1,1,0
14-Apr,18:45 p.m.,TWENTYNINTH ST,1,2,1,0,1,1,0
14-Apr,22:19 p.m.,TORRESDALE AV,1,2,0,1,0,0,1
14-Apr,20:50 p.m.,BUSTLETON AV,1,2,1,0,0,0,1
14-Apr,21:27 p.m.,SCHUYLKILL EX,4,4,1,0,0,0,1
14-Apr,21:25 p.m.,ROOSEVELT BL,1,2,1,0,1,1,0
14-Apr,21:00 p.m.,DELAWARE EX,1,2,1,0,0,0,1
14-May,17:59 p.m.,MANHEIM ST,1,2,0,1,1,1,0
14-May,15:34 p.m.,WALNUT ST,1,2,1,0,1,1,0
14-Apr,16:00 p.m.,72ND ST & ELMWOOD AV,1,2,1,0,1,1,0
14-Apr,23:16 p.m.,WISSAHICKON AV,1,2,1,0,1,1,0
14-May,9:54 a.m.,THIRTIETH ST & WALNUT ST,2,3,1,0,1,0,2
14-May,2:33 a.m.,AMERICAN ST & GIRARD AV & SECOND ST,1,3,0,1,0,0,1
14-Jun,15:35 p.m.,VODGES ST & 56TH ST & VINE ST,1,2,1,0,1,1,0
14-Jun,20:00 p.m.,LANCASTER AV,1,2,1,0,1,1,0
14-May,12:37 a.m.,FLORENCE AV,1,3,2,0,3,2,0
14-Jun,4:45 a.m.,SIXTYFIFTH ST,1,2,1,0,0,0,1
14-Jun,22:52 p.m.,FRANKFORD AV & SHEFFIELD AV,1,2,1,0,0,0,1
14-May,13:40 p.m.,GIRARD AV,1,2,1,0,0,0,1
14-May,18:45 p.m.,IRVING ST,1,2,1,0,1,1,0
14-Jun,11:31 a.m.,9TH ST & SPRING GARDEN ST,1,2,0,1,1,1,0
14-Jun,23:15 p.m.,FIFTEENTH ST & VINE ST,1,2,0,1,1,1,0
14-May,16:40 p.m.,DICKINSON ST & 27TH ST,1,2,0,1,1,1,0
14-Aug,13:51 p.m.,OXFORD AV,1,2,1,0,0,0,1
14-Jun,20:47 p.m.,2ND ST & ALLEGHENY AV,1,2,1,0,1,1,0
14-Jun,19:20 p.m.,N 54TH ST,1,2,1,0,1,1,0
14-Jul,15:52 p.m.,N 4TH ST,1,2,1,0,1,1,0
14-Jul,16:46 p.m.,FIFTYSECOND ST & SANSOM ST,1,2,0,1,1,1,0
14-May,9:45 a.m.,HUNTING PARK AV,1,3,1,0,1,1,0
14-Aug,10:35 a.m.,21ST ST & WINTER ST,1,2,0,1,1,1,0
14-Jul,20:21 p.m.,N DARIEN ST,1,2,1,0,1,1,0
14-Aug,15:30 p.m.,CEDAR AV & FIFTYSECOND ST,1,2,1,0,1,1,0
14-Aug,16:37 p.m.,BROAD ST & JACKSON ST,1,2,1,0,1,1,0
14-Jul,23:00 p.m.,PARK AV & W HUNTING PARK AV,1,3,2,0,2,1,0
14-Jul,15:23 p.m.,CHRISTIAN ST,1,2,1,0,1,1,0
14-Jul,9:02 a.m.,CASTOR AV,2,3,1,0,0,0,1
14-Aug,21:36 p.m.,SPRUCE ST & 54TH ST,1,2,1,0,1,1,0
14-Sep,16:55 p.m.,MARKET ST,1,2,1,0,1,1,0
14-Aug,3:08 a.m.,ACADEMY RD,2,3,1,0,1,0,1
14-Aug,4:46 a.m.,BROAD ST & COURTLAND ST & BELFIELD AV,3,4,1,0,0,0,1
14-Aug,20:50 p.m.,SANGER ST & LARGE ST,1,2,1,0,1,1,0
14-Sep,18:30 p.m.,WARREN ST & 36TH ST,1,2,0,1,1,1,0
14-Aug,5:29 a.m.,9TH ST & WYOMING AV,1,2,1,0,0,0,1
14-Sep,23:58 p.m.,TWENTYFIFTH ST & ALLEGHENY AV,2,4,1,0,0,0,1
14-Sep,23:40 p.m.,N FIFTH ST,1,2,1,0,0,0,1
14-Sep,19:08 p.m.,B ST,1,3,2,0,2,2,0
14-Sep,21:40 p.m.,WHITAKER AV,1,2,1,0,1,1,0
14-Sep,20:18 p.m.,LORETTO AV & LONGSHORE AV,1,2,0,1,0,0,1
14-Oct,18:00 p.m.,PASCHALL AV & SIXTYFIFTH ST,1,2,1,0,1,1,0
14-Oct,16:30 p.m.,23RD AV & SNYDER AV,1,2,0,1,1,1,0
14-Oct,14:57 p.m.,WARDEN DR & CONRAD ST & MIDVALE AV,1,2,1,0,1,1,0
14-Oct,7:47 a.m.,LYCOMING ST & BROAD ST,1,2,1,0,1,1,0
14-Sep,19:22 p.m.,15TH ST & WASHINGTON AV,1,3,2,0,1,0,1
14-Sep,2:58 a.m.,BELFIELD AV,1,2,1,0,1,1,0
14-Aug,1:35 a.m.,ALLEGHENY AV,1,3,1,0,1,1,0
14-Oct,16:00 p.m.,N 15TH ST,1,2,1,0,0,0,1
14-Nov,20:53 p.m.,CASTOR AV,1,2,1,0,1,1,0
14-Oct,15:40 p.m.,CAMBRIA ST & 6TH ST,1,2,0,1,1,1,0
14-Nov,22:45 p.m.,TYSON AV & FRANKFORD AV,1,2,1,0,1,1,0
14-Sep,19:22 p.m.,FIFTYFOURTH ST & OVERBROOK AV,1,2,1,0,0,0,1
14-Sep,18:47 p.m.,42ND ST,1,2,1,0,1,1,0
14-Jul,11:20 a.m.,GERMANTOWN AV,1,7,4,0,3,0,4
14-Dec,22:55 p.m.,RAMP RD & VINE STREET EX,2,3,1,0,3,1,0
14-Nov,18:11 p.m.,GOWEN AV & SPRAGUE ST,1,2,1,0,0,0,1
14-Nov,17:27 p.m.,16TH ST & CHESTNUT ST,1,2,1,0,1,1,0
14-Nov,5:40 a.m.,ROOSEVELT BL,1,3,2,0,1,0,2
14-Nov,3:35 a.m.,BROAD ST & TIOGA ST,2,5,1,0,0,0,1
14-Nov,18:37 p.m.,FRANKFORD AV & PENNYPACK ST,1,2,1,0,1,1,0
14-Nov,6:19 a.m.,30TH ST & CECIL B MOORE AV & GLENWOOD AV,1,2,1,0,1,1,0
14-Aug,23:17 p.m.,WAGNER AV & OLNEY AV,1,2,0,1,1,1,0
14-Nov,7:15 a.m.,LEHIGH AV,1,2,1,0,1,1,0
14-Sep,18:47 p.m.,N 42ND ST,1,2,1,0,1,1,0
14-Sep,10:51 a.m.,ARCH ST & 11TH ST,1,2,1,0,1,1,0
14-Dec,18:02 p.m.,L ST & ERIE AV,1,3,0,1,1,1,0
14-Dec,17:26 p.m.,KENSINGTON AV & FRANKFORD AV,1,5,1,0,1,1,0
15-Jan,18:18 p.m.,62ND ST & CHESTNUT ST,1,2,1,0,0,0,1
14-Dec,20:56 p.m.,59TH ST & MARKET ST,1,2,1,0,0,0,1
14-Dec,17:28 p.m.,COTTMAN AV & OAKLAND ST,1,3,1,0,0,0,1
14-Dec,12:24 a.m.,ROOSEVELT BL,1,2,1,0,0,0,1
14-Nov,14:52 p.m.,ALLEGHENY AV,1,2,1,0,0,0,1
14-Dec,17:15 p.m.,STATE RD,2,3,1,0,0,0,1
14-Nov,3:30 a.m.,64TH AV & 5TH ST,1,2,1,0,0,0,1
15-Feb,19:55 p.m.,OREGON AV,1,2,1,0,0,0,1
14-Dec,6:37 a.m.,DUNGAN RD,1,2,1,0,1,1,0
14-Dec,14:29 p.m.,TYSON AV & FRANKFORD AV,1,2,1,0,1,1,0
14-Dec,6:27 a.m.,BORBECK AV & RYAN AV & ROOSEVELT BL,1,2,1,0,1,1,0
14-Dec,2:45 a.m.,ROOSEVELT BL,3,5,1,0,2,1,0
15-Feb,23:13 p.m.,WOODLAND AV,1,2,1,0,1,1,0
15-Feb,11:45 a.m.,3RD ST,1,2,1,0,1,1,0
15-Feb,19:27 p.m.,BROAD ST & WINGOHOCKING ST,1,2,1,0,1,1,0
15-Feb,3:00 a.m.,KIP ST & ALLEGHENY AV,1,2,1,0,1,1,0
15-Feb,14:49 p.m.,TORRESDALE AV & COTTMAN AV,2,3,1,0,1,1,0
15-Feb,99:99 p.m.,17TH ST & CHESTNUT ST,1,2,1,0,1,1,0
15-Feb,18:30 p.m.,ROOSEVELT BL,1,2,1,0,1,1,0
15-Feb,15:58 p.m.,INDIANA ST & 2ND ST,1,2,1,0,1,1,0
15-Feb,12:29 p.m.,RYAN AV,1,2,1,0,1,1,0
15-Feb,99:99 p.m.,WOLF ST,1,2,1,0,1,1,0
15-Feb,2:54 a.m.,33RD ST & POWELTON AV,2,4,1,0,1,1,0
15-Feb,15:34 p.m.,BROAD ST,1,11,1,0,1,1,0
15-Mar,1:14 a.m.,N 24TH ST,1,2,1,0,1,1,0
15-Mar,12:23 p.m.,KENSINGTON AV & LEHIGH AV,1,2,0,1,0,0,1
15-Mar,8:42 a.m.,UNIVERSITY AV,1,3,0,1,1,1,0
15-Mar,99:99 p.m.,BANCROFT ST,1,2,1,0,1,1,0
15-Mar,9:15 a.m.,BUSTLETON AV & NAPFLE AV,1,2,1,0,1,1,0
14-Dec,14:30 p.m.,JEFFERSON ST & BROAD ST,1,2,1,0,1,1,0
15-Mar,8:00 a.m.,2ND ST & NEDRO AV,1,2,1,0,1,1,0
15-Apr,22:15 p.m.,N 5TH ST,1,2,1,0,1,1,0
15-Apr,17:56 p.m.,S NEWKIRK ST,1,2,1,0,1,1,0
15-Apr,4:32 a.m.,BROAD ST,4,3,1,0,2,1,0
15-Mar,15:00 p.m.,EMERALD ST,1,2,0,1,1,1,0
15-Apr,15:00 p.m.,PERCY ST,1,3,1,0,1,1,0
15-Apr,19:03 p.m.,DIAMOND ST & PARK AV,1,2,0,1,1,1,0
15-Apr,18:30 p.m.,57TH ST & LITCHFIELD ST,1,2,1,0,0,0,1
15-Apr,10:29 a.m.,SOUTH ST,1,5,0,2,2,1,0
15-Apr,22:48 p.m.,DELAWARE AV,1,2,1,0,0,0,1
15-Apr,20:00 p.m.,BRILL ST,1,2,1,0,1,1,0
15-Apr,2:40 a.m.,DELAWARE EX,3,10,1,0,1,1,0
15-May,17:25 p.m.,ELEVENTH ST & ARCH ST,1,22,1,0,0,0,1
15-Apr,19:00 p.m.,MASCHER ST,1,3,2,0,1,0,1
15-May,23:44 p.m.,RIDGE AV & GIRARD AV,2,2,0,1,1,0,1
15-May,21:03 p.m.,32ND ST & ALLEGHENY AV,1,2,1,0,1,1,0
15-May,21:10 p.m.,CHURCH ST & TORRESDALE AV,1,2,1,0,1,1,0
15-May,13:02 p.m.,DELAWARE EX,2,2,1,0,2,1,0
15-May,21:28 p.m.,KENSINGTON AV & SERGEANT ST,1,3,1,0,1,1,0
15-May,12:28 p.m.,SPRINGFIELD AV,1,2,1,0,1,1,0
15-May,17:30 p.m.,3RD ST & ALLEGHENY AV,1,2,1,0,1,1,0
15-Jun,18:40 p.m.,CAYUGA ST & 7TH ST,1,2,0,1,0,0,1
15-Jun,8:30 a.m.,M ST,1,3,2,0,2,1,0
15-Jun,20:40 p.m.,ROBERTS AV,1,2,1,0,1,1,0
15-Jun,12:57 a.m.,MARKET ST,1,2,1,0,1,1,0
15-Jun,23:40 p.m.,5TH ST & CECIL B MOORE AV,1,2,0,1,1,1,0
15-Jun,22:05 p.m.,ERIE AV,1,2,0,1,0,0,1
15-Jul,23:30 p.m.,CHRISTOPHER COLUMBUS BL,1,4,2,0,2,1,0
15-Jun,12:10 a.m.,SCHUYLKILL EX,1,6,1,0,1,1,0
15-Jul,1:08 a.m.,WALNUT ST & 11TH ST,1,2,1,0,0,0,1
15-Jul,8:30 a.m.,22ND ST & MARKET ST,1,2,0,1,1,1,0
15-Jul,15:45 p.m.,7TH ST & ALLEGHENY AV,1,2,1,0,1,1,0
15-Jul,13:00 p.m.,N 2ND ST,1,2,0,1,0,0,1
15-Jul,16:00 p.m.,LANCASTER AV & 59TH ST,1,2,1,0,1,1,0
15-Jul,8:00 a.m.,K ST & ERIE AV,1,2,1,0,1,1,0
15-Aug,16:32 p.m.,LAMBERT ST,1,2,1,0,1,1,0
15-Jul,15:43 p.m.,WALNUT ST,1,2,1,0,1,1,0
15-Aug,16:14 p.m.,BENJAMIN FRANKLIN PY,1,8,0,1,1,1,0
15-Aug,3:30 a.m.,HENRY AV,1,3,1,0,0,0,1
15-Aug,9:45 a.m.,RACE ST & FRANKLIN ST,1,2,1,0,0,0,1
15-Aug,18:57 p.m.,MAGEE ST & SYLVESTER ST,4,2,1,0,1,1,0
15-Aug,16:26 p.m.,18TH ST & FONTAIN ST,1,2,1,0,1,1,0
15-Aug,19:20 p.m.,GIBBS PL,1,2,1,0,1,1,0
15-Aug,17:09 p.m.,SOUTH ST & RAMP RD &,1,2,0,1,1,1,0
15-Aug,99:99 p.m.,BROAD ST,1,4,1,0,1,1,0
15-Aug,21:40 p.m.,WASHINGTON AV,1,2,1,0,1,1,0
15-Aug,12:10 a.m.,TWENTYSECOND ST & BENJAMIN FRANKLIN PY,1,2,0,1,1,1,0
15-Jun,21:15 p.m.,MARKET ST & 18TH ST,1,2,1,0,1,1,0
15-Aug,19:49 p.m.,SYLVANIA ST,1,2,1,0,1,1,0
15-Aug,20:30 p.m.,AMERICAN ST & DUNCANNON ST,1,2,0,1,1,1,0
15-Aug,23:50 p.m.,PASSYUNK AV,1,2,1,0,1,1,0
15-Aug,12:04 p.m.,GERMANTOWN AV,1,3,0,1,1,1,0
15-Sep,22:01 p.m.,WYNNEFIELD AV,1,2,0,1,0,0,1
15-Sep,4:30 a.m.,BROAD ST & ARCH ST,1,3,2,0,1,0,2
15-Sep,3:00 a.m.,LOCUST ST & 13TH ST,1,2,1,0,1,1,0
15-Sep,16:45 p.m.,RIDGE AV,1,2,1,0,1,1,0
15-Sep,21:43 p.m.,ARAMINGO AV,1,2,1,0,0,0,1
15-Sep,2:15 a.m.,CHRISTOPHER COLUMBUS BL,1,2,1,0,1,1,0
15-Sep,21:00 p.m.,GERMANTOWN AV,1,2,1,0,0,0,1
15-Oct,22:40 p.m.,B ST & ONTARIO ST,1,2,1,0,0,0,1
15-Oct,17:25 p.m.,WAGNER AV,1,2,1,0,1,1,0
15-Oct,22:25 p.m.,43RD ST & OGDEN ST,1,2,1,0,1,1,0
15-Sep,20:40 p.m.,ROOSEVELT BL,1,2,1,0,0,0,1
15-Sep,17:15 p.m.,S 21ST ST,1,2,1,0,0,0,1
15-Sep,3:10 a.m.,WOODLAND AV & 47TH ST,1,2,0,1,1,1,0
15-Oct,16:49 p.m.,FIFTH ST & GODFREY AV,1,3,2,0,2,1,0
15-Oct,16:01 p.m.,THOURON AV & E SEDGWICK ST,1,2,1,0,1,1,0
15-Oct,20:23 p.m.,STATE RD,1,2,1,0,0,0,1
15-Oct,14:15 p.m.,ROOSEVELT BL,1,2,1,0,0,0,1
15-Oct,99:99 p.m.,ALLEGHENY AV,1,2,1,0,1,1,0
15-Oct,9:45 a.m.,BROAD ST,1,3,0,1,1,1,0
15-Oct,13:00 p.m.,CHESTNUT ST & 12TH ST,1,2,1,0,1,1,0
15-Oct,6:40 a.m.,ROOSEVELT BL & WELSH RD,1,2,1,0,1,1,0
15-Oct,1:14 a.m.,SPRING GARDEN ST,1,3,1,0,1,1,0
15-Oct,5:57 a.m.,BROAD ST & CATHARINE ST,1,2,1,0,1,1,0
15-Oct,15:44 p.m.,CASKEY ST,1,4,1,0,1,1,0
15-Nov,20:05 p.m.,SIXTYTHIRD ST,1,2,1,0,0,0,1
15-Nov,1:39 a.m.,TORRESDALE AV,1,2,1,0,0,0,1
15-Nov,3:35 a.m.,HENLEY ST & HANSBERRY ST,1,2,1,0,1,1,0
15-Nov,99:99 p.m.,CEDAR ST,1,2,1,0,1,1,0
15-Nov,17:00 p.m.,HAVERFORD AV,2,4,1,0,3,1,0
15-Oct,20:00 p.m.,S 30TH ST,1,2,1,0,1,1,0
15-Nov,18:25 p.m.,BUSTLETON AV,1,3,2,0,2,1,0
15-Nov,10:40 a.m.,TULIP ST & ALLEGHENY AV,1,2,1,0,1,1,0
15-Nov,8:24 a.m.,42ND ST & WESTMINSTER AV,1,2,1,0,1,1,0
15-Nov,18:10 p.m.,5TH ST & LUZERNE ST,1,2,1,0,1,1,0
15-Jan,15:49 p.m.,BROAD ST,1,3,1,0,1,1,0
14-Mar,15:30 p.m.,21ST ST & SUSQUEHANNA AV,1,2,1,0,1,1,0
15-Dec,15:25 p.m.,BROAD ST,1,2,1,0,1,1,0
15-Dec,17:30 p.m.,ARAMINGO AV,1,2,1,0,1,1,0
15-Nov,4:36 a.m.,BROAD ST,1,4,1,0,3,0,1
15-Nov,6:23 a.m.,W GURNEY ST,1,2,1,0,0,0,1
15-Dec,18:52 p.m.,CHRISTIAN ST,1,2,1,0,1,1,0
15-Nov,13:38 p.m.,PARKSIDE AV,1,2,0,1,0,0,1
15-Nov,9:10 a.m.,54TH ST & WOODLAND AV,2,3,1,0,2,0,1
15-Dec,7:20 a.m.,WOODLAND AV & S 58TH ST,1,2,0,1,1,1,0
15-Dec,17:23 p.m.,NOLAN ST & THOURON AV,1,2,1,0,0,0,1
15-Dec,21:00 p.m.,JUNIPER ST & CHESTNUT ST,1,2,1,0,1,1,0
15-Nov,21:21 p.m.,FRONT ST & GIRARD AV,1,3,2,0,1,1,0
15-Dec,17:04 p.m.,CHRISTOPHER COLUMBUS BL,1,2,1,0,1,1,0
15-Dec,19:28 p.m.,FORTYSECOND ST & BALTIMORE AV & CHESTER AV,1,2,1,0,1,1,0
15-Aug,17:05 p.m.,SOUTH ST & RAMP RD,1,2,0,1,1,1,0
15-Dec,5:39 a.m.,HARBISON AV & ROOSEVELT BL,1,2,1,0,0,0,1
16-Jan,6:40 a.m.,BUSTLETON AV & MOWER ST,1,2,1,0,0,0,1
15-Dec,18:30 p.m.,BYBERRY RD & PROCTOR RD,2,5,1,0,0,0,1
16-Jan,8:00 a.m.,E WESTMORELAND ST & KENSINGTON AV & I ST,1,2,1,0,1,1,0
16-Jan,2:54 a.m.,5TH ST & HUNTING PARK AV,1,2,1,0,1,1,0
16-Jan,12:47 a.m.,HANCOCK ST & LEHIGH AV,1,2,1,0,1,1,0
16-Jan,17:33 p.m.,CHRISTOPHER COLUMBUS BL & TASKER ST,1,2,1,0,0,0,1
16-Jan,20:22 p.m.,BROAD ST,1,2,1,0,1,1,0
16-Jan,20:13 p.m.,CASTOR AV,1,2,1,0,1,1,0
16-Feb,12:30 p.m.,7TH ST,1,2,1,0,1,1,0
16-Jan,16:30 p.m.,WASHINGTON AV,1,2,0,1,1,1,0
16-Mar,15:48 p.m.,CECIL B MOORE AV,1,2,1,0,1,1,0
16-Feb,15:04 p.m.,JEFFERSON ST & 11TH ST,1,2,1,0,1,1,0
16-Feb,18:11 p.m.,63RD ST,2,1,1,0,1,1,0
16-Feb,21:00 p.m.,BUSTLETON AV,1,3,1,0,0,0,1
16-Feb,18:30 p.m.,BROAD ST & ALLEGHENY AV,1,2,1,0,1,1,0
16-Jan,19:30 p.m.,RICHMOND ST & CUMBERLAND ST,1,2,1,0,1,1,0
16-Mar,18:55 p.m.,ONTARIO AV & B ST,1,4,3,0,3,2,0
16-Feb,19:10 p.m.,LARCHWOOD AV & 50TH ST,1,2,0,1,1,1,0
16-Mar,18:31 p.m.,22ND ST,1,2,1,0,2,1,0
16-Mar,5:30 a.m.,E TIOGA ST,1,6,1,0,1,1,0
16-Mar,2:02 a.m.,FRANKFORD AV,1,2,0,1,0,0,1
16-Feb,19:03 p.m.,STENTON AV,1,2,1,0,0,0,1
16-Feb,20:08 p.m.,HARBISON AV & ROOSEVELT BL,2,7,1,0,0,0,1
16-Mar,13:34 p.m.,GRANGE AV,1,2,1,0,1,1,0
16-Mar,19:20 p.m.,ROCKWELL ST,1,2,1,0,1,1,0
16-Mar,20:25 p.m.,ROOSEVELT BL,1,2,1,0,2,1,0
16-Mar,16:58 p.m.,WHARTON ST & 9TH ST,3,2,1,0,1,0,1
16-Mar,20:05 p.m.,SPRINGFIELD AV & 56TH ST,1,2,1,0,1,1,0
16-Apr,17:15 p.m.,42ND ST & CHESTER AV & BALTIMORE AV,1,4,0,1,1,1,0
16-Mar,10:53 a.m.,COTTMAN AV & ROOSEVELT BL,1,2,1,0,1,1,0
16-Apr,9:44 a.m.,MOUNT VERNON ST & BROAD ST,1,2,1,0,1,1,0
16-Mar,20:05 p.m.,LINDBERGH BL,2,6,1,0,0,0,1
16-Mar,8:21 a.m.,TYSON AV & SACKETT ST,1,2,1,0,0,0,1
16-Apr,23:40 p.m.,CHESTER AV & 58TH ST,1,2,1,0,1,1,0
16-Apr,21:00 p.m.,HELLERMAN ST,1,2,1,0,1,1,0
16-Apr,3:47 a.m.,MARKET ST & FORTYFIFTH ST,1,2,1,0,0,0,1
15-Oct,13:27 p.m.,MARKET ST,1,2,1,0,1,1,0
16-Apr,15:02 p.m.,KENSINGTON AV,3,5,1,0,3,1,0
16-Apr,12:04 a.m.,VOGDES ST & VINE ST & 56TH ST,1,2,1,0,1,1,0
16-Apr,17:46 p.m.,WALLACE ST,1,2,1,0,1,1,0
16-Apr,12:18 a.m.,HUNTING PARK AV,3,5,2,0,4,1,0
16-Apr,7:00 a.m.,YORK ST & CABOT ST,1,2,0,1,1,1,0
16-May,18:00 p.m.,SCHOOL HOUSE LN & WAYNE AV,1,2,1,0,1,1,0
16-May,16:35 p.m.,MARSDEN ST,1,2,1,0,1,1,0
16-May,21:35 p.m.,OLNEY AV & BROAD ST,1,2,1,0,1,1,0
16-May,18:16 p.m.,VINE ST,1,2,1,0,0,0,1
16-May,23:20 p.m.,ROOSEVELT BL & C ST,1,2,1,0,0,0,1
16-May,11:54 a.m.,ORTHODOX ST,1,2,0,1,0,0,1
15-Dec,17:45 p.m.,ALLEGHENY AV,1,2,1,0,1,1,0
16-Jun,16:10 p.m.,GRAVERS LN & GERMANTOWN AV,1,18,2,0,1,0,1
16-May,22:00 p.m.,FRONT ST,2,2,1,0,0,0,1
16-May,20:35 p.m.,BELMONT AV & 44TH ST & LANCASTER AV,1,2,1,0,1,1,0
16-Jun,1:17 a.m.,CECIL B MOORE AV,1,2,1,0,0,0,1
16-May,16:52 p.m.,D ST & BINGHAM ST & ROOSEVELT BL,1,2,1,0,0,0,1
16-Jun,21:13 p.m.,OLD YORK RD,2,2,1,0,0,0,1
16-Jun,13:28 p.m.,SCHOOL HOUSE LN,1,2,0,1,1,1,0
16-Jun,16:45 p.m.,CONSHOHOCKEN AV & CITY AV,1,2,1,0,1,1,0
16-Jun,21:45 p.m.,SNYDER AV,1,2,1,0,1,1,0
16-Jun,23:30 p.m.,59TH ST & RACE ST,1,2,1,0,1,1,0
16-Jun,23:00 p.m.,ADAMS AV & ROOSEVELT BL,1,2,1,0,0,0,1
16-Jun,1:40 a.m.,BROAD ST,1,4,0,1,2,1,0
16-Jun,3:37 a.m.,S 61ST ST,3,2,1,0,1,1,0
16-Jul,1:41 a.m.,RUSCOMB ST & 5TH ST,1,2,1,0,1,1,0
16-Jun,23:10 p.m.,ROCKLAND ST & BROAD ST,1,2,1,0,1,1,0
16-Jun,7:59 a.m.,ELLSWORTH ST,1,2,1,0,1,1,0
16-Jun,11:15 a.m.,SOUTHAMPTON RD & ROOSEVELT BL,2,3,1,0,0,0,1
16-Jul,1:42 a.m.,WISSAHICKON AV,1,2,1,0,1,0,1
16-Jul,20:41 p.m.,BROAD ST,1,3,1,0,1,1,0
16-Jul,11:30 a.m.,MONTGOMERY AV & CROSKEY ST,1,2,1,0,1,1,0
16-Jul,14:30 p.m.,GIRARD AV,1,5,1,0,0,0,1
16-Jul,99:99 p.m.,YORK ST & RIDGE AV,1,2,1,0,0,0,1
16-Jul,19:29 p.m.,WASHINGTON LN & OGONTZ AV & SEVENTYFIFTH AV,1,3,1,0,1,1,0
16-Jul,5:49 a.m.,5TH ST,1,2,1,0,1,1,0
16-Jul,21:06 p.m.,JACKSON ST & 21ST ST,2,9,3,0,6,0,1
16-Aug,12:32 a.m.,54TH RD & GAINOR RD,1,2,1,0,1,1,0
16-Aug,17:00 p.m.,OLD YORK RD & LUZERNE ST,1,2,0,1,1,1,0
16-Aug,19:23 p.m.,55TH ST & LUDLOW ST,1,2,0,1,1,1,0
16-Aug,20:15 p.m.,W CAMBRIA ST & 2ND ST,2,2,1,0,1,1,0
16-Aug,23:48 p.m.,SPRINGFIELD AV & PEACH ST,1,2,1,0,0,0,1
16-Aug,19:30 p.m.,26TH ST & PENROSE AV & TWENTYSIXTH ST,1,2,1,0,1,1,0
16-May,12:37 a.m.,BUSTLETON AV,1,2,1,0,0,0,1
16-Aug,19:44 p.m.,GIRARD AV,1,3,1,0,1,1,0
16-Aug,2:08 a.m.,CHRISTOPHER COLUMBUS BL,1,3,1,0,3,1,0
16-Aug,1:39 a.m.,MASCHER ST & LEHIGH AV,1,3,2,0,1,0,1
16-Aug,18:20 p.m.,24TH ST,1,2,1,0,0,0,1
16-Aug,12:58 a.m.,MAIN ST,3,3,1,0,2,1,0
16-Sep,8:00 a.m.,CURIE BL,1,2,1,0,1,1,0
16-Sep,12:46 a.m.,FRANKFORD AV,1,2,0,1,0,0,1
16-Aug,12:22 a.m.,ROOSEVELT BL,1,2,1,0,1,1,0
16-Aug,18:42 p.m.,MERION AV,1,2,1,0,0,0,1
16-Sep,18:45 p.m.,L ST,1,2,1,0,1,1,0
16-Aug,19:38 p.m.,PAXON ST & SPRINGFIELD AV,1,2,1,0,1,1,0
16-Sep,20:45 p.m.,CHRISTOPHER COLUMBUS BL,1,2,0,1,1,1,0
16-Sep,99:99 p.m.,COTTMAN AV & ERDRICK ST,1,2,1,0,0,0,1
16-Sep,12:00 p.m.,9TH ST,1,2,1,0,1,1,0
16-Sep,11:21 a.m.,SECOND ST & ALLEGHENY AV,1,2,1,0,0,0,1
16-Sep,7:20 a.m.,BYBERRY RD & KELVIN AV,1,3,1,0,1,1,0
16-Oct,14:58 p.m.,GERMANTOWN AL & VENANGO ST,1,2,1,0,1,1,0
16-Oct,6:27 a.m.,ROOSEVELT BL,1,2,1,0,0,0,1
16-Oct,13:23 p.m.,FIFTEENTH ST & RAMP RD & VINE ST,1,2,1,0,1,1,0
16-Oct,20:21 p.m.,ROBERTS AV,1,2,1,0,1,1,0
16-Sep,18:30 p.m.,HUNTING PARK AV,1,6,1,0,1,1,0
16-Oct,9:39 a.m.,KELLY DR,1,2,1,0,0,0,1
16-Sep,1:36 a.m.,CASTOR AV & BLEIGH AV,1,2,1,0,0,0,1
16-Oct,13:19 p.m.,TYSON AV & ROOSEVELT BL,2,5,0,1,5,1,0
16-Oct,8:10 a.m.,VERREE RD & BORBECK AV,1,3,2,0,2,1,0
16-Oct,99:99 p.m.,BROAD ST & UNKNOWN ST,1,2,1,0,1,1,0
16-Oct,21:00 p.m.,GIRARD AV & BROAD ST,1,2,0,1,1,1,0
16-Oct,15:48 p.m.,COTTMAN AV,1,3,1,0,1,1,0
16-Oct,13:20 p.m.,BUSTLETON AV,1,2,1,0,1,1,0
16-Oct,15:00 p.m.,KELLY DR,1,2,1,0,1,1,0
16-Aug,5:55 a.m.,FAIRMOUNT AV & 22ND ST,1,2,1,0,1,1,0
16-Oct,21:03 p.m.,RISING SUN AV,1,2,1,0,1,1,0
16-Oct,19:43 p.m.,ROOSEVELT BL,1,5,1,0,0,0,1
16-Nov,12:05 a.m.,FRONT ST & LEHIGH AV,1,2,1,0,0,0,1
16-Nov,1:52 a.m.,BROAD ST,1,2,1,0,1,1,0
16-Nov,2:22 a.m.,MARKET ST & ELEVENTH ST,1,3,2,0,1,1,1
16-Nov,9:24 a.m.,BUSTLETON AV,1,2,1,0,1,1,0
16-Nov,17:20 p.m.,A ST & LEHIGH AV,1,2,1,0,0,0,1
16-Nov,18:36 p.m.,GERMANTOWN AV,1,2,1,0,1,1,0
16-Aug,14:15 p.m.,VINE ST & 8TH ST & RAMP RD,1,2,0,1,1,1,0
16-Nov,16:08 p.m.,SAINT VINCENT ST & FRANKFORD AV,1,2,1,0,1,1,0
16-Nov,3:59 a.m.,OREGON AV,1,2,1,0,1,1,0
16-Nov,17:05 p.m.,CHESTNUT ST & 23RD ST,1,2,1,0,0,0,1
16-Nov,18:12 p.m.,COTTMAN AV,1,3,1,0,1,1,0
16-Oct,20:15 p.m.,LEHIGH AV & A ST,1,3,1,0,0,0,1
16-Nov,23:26 p.m.,BUSTLETON AV & ROOSEVELT BL,1,2,1,0,0,0,1
16-Nov,15:15 p.m.,LANSDOWNE AV & SIXTYTHIRD ST,1,2,1,0,0,0,1
16-Nov,1:00 a.m.,22ND ST,2,2,1,0,1,1,0
16-Dec,17:00 p.m.,BELMONT AV & OVERBROOK AV & FORD RD,1,2,1,0,1,1,0
16-Dec,18:02 p.m.,WINGOHOCKING ST & 9TH ST,1,2,1,0,1,1,0
16-Dec,14:00 p.m.,N 9TH ST,1,2,1,0,1,1,0
16-Dec,5:58 a.m.,ERIE AV,1,2,1,0,0,0,1
16-Nov,16:10 p.m.,LINDBERGH BL & ISLAND AV,1,5,1,0,0,0,1
16-Dec,17:40 p.m.,BUSTLETON AV,1,2,1,0,1,1,0
16-Dec,16:10 p.m.,FRANKFORD AV,1,2,1,0,0,0,1
17-Jan,6:40 a.m.,LEHIGH AV,1,2,1,0,1,1,0
17-Jan,11:20 a.m.,ROOSEVELT BL,1,2,1,0,1,1,0
16-Dec,23:04 p.m.,KNIGHTS RD,1,2,1,0,1,1,0
17-Jan,9:57 a.m.,40TH ST & MARKET ST,1,2,1,0,1,1,0
17-Jan,9:43 a.m.,40TH ST & LOCUST ST,1,3,0,1,1,1,0
17-Jan,15:12 p.m.,NORRIS ST & WARNOCK ST,1,2,1,0,1,1,0
17-Jan,18:48 p.m.,ROOSEVELT BL,1,2,1,0,1,1,0
17-Jan,13:55 p.m.,10TH ST & RACE ST,1,2,1,0,1,1,0
17-Jan,19:11 p.m.,MT PLEASANT AV & LINCOLN DR,1,3,2,0,2,1,0
17-Jan,19:56 p.m.,57TH ST & GIRARD AV,1,3,2,0,1,0,1
17-Jan,11:29 a.m.,COTTMAN AV,1,2,1,0,0,0,1
17-Jan,9:00 a.m.,ALLEGHENY AV,2,4,1,0,3,1,0
17-Jan,23:42 p.m.,LARGE ST & ROOSEVELT BL,1,4,2,0,0,0,2
17-Jan,7:02 a.m.,FISHER AV & 6TH ST,1,2,1,0,1,1,0
17-Jan,18:25 p.m.,ASHDALE ST & C ST,1,2,1,0,1,1,0
17-Jan,18:44 p.m.,BUTLER ST & BROAD ST,1,2,1,0,1,1,0
17-Jan,1:39 a.m.,CHEW AV & 12TH ST,1,2,1,0,0,0,1
17-Feb,15:57 p.m.,15TH ST,2,5,1,0,2,1,0
17-Feb,12:59 p.m.,WOODHAVEN RD,3,6,1,0,3,2,2
17-Feb,8:00 a.m.,3RD ST & WIDENER ST,1,2,1,0,1,1,0
17-Feb,15:29 p.m.,GIRARD AV & BROAD ST,1,2,1,0,1,1,0
17-Jan,17:55 p.m.,11TH ST & NORRIS ST,1,2,1,0,1,1,0
17-Feb,22:05 p.m.,CITY AV,1,4,3,0,3,1,0
17-Feb,9:36 a.m.,TULIP ST,1,2,1,0,1,1,0
17-Feb,16:53 p.m.,SENTNER ST & RISING SUN AV,1,2,1,0,1,1,0
17-Mar,15:25 p.m.,BERKS ST & 6TH ST,1,2,1,0,1,1,0
17-Mar,16:32 p.m.,39TH ST & FAIRMOUNT AV,1,2,1,0,1,1,0
17-Apr,22:08 p.m.,ARAMINGO AV,1,2,0,1,0,0,1
17-Apr,13:47 p.m.,SAINT VINCENT ST,1,2,1,0,1,1,0
17-Apr,22:10 p.m.,6TH ST & ERIE AV,1,3,2,0,2,1,0
17-Apr,18:53 p.m.,DOMINO LN & RIDGE AV,1,2,1,0,1,1,0
17-Apr,1:50 a.m.,11TH ST & MARKET ST,1,2,1,0,1,1,0
17-May,12:27 p.m.,S 34TH ST,1,3,0,1,1,1,0
17-Apr,14:48 p.m.,FRANKFORD AV,1,2,1,0,1,1,0
17-Apr,15:50 p.m.,AMERICAN ST & HUNTINGDON ST,1,2,1,0,1,1,0
17-Apr,18:30 p.m.,4TH ST & GASKILL ST,1,2,1,0,1,1,0
17-Apr,2:00 a.m.,JOHN F KENNEDY BL & 15TH ST & FROM 3022/0010 RD & FIFTEENTH ST,1,2,1,0,1,1,0
17-Apr,22:45 p.m.,ROBERTS AV,1,2,1,0,1,1,0
17-Apr,5:27 a.m.,62ND ST & WEBSTER ST,1,2,1,0,1,1,0
17-May,4:44 a.m.,ARAMINGO AV,1,2,1,0,0,0,1
17-May,3:03 a.m.,BRYN MAWR AV & CITY AV,1,2,1,0,1,1,0
17-Apr,13:23 p.m.,ROOSEVELT BL,1,2,1,0,0,0,1
17-May,18:01 p.m.,60TH ST & KINGSESSING AV,2,6,2,0,3,1,0
17-May,14:40 p.m.,5TH ST & CAYUGA ST,1,2,1,0,2,1,0
17-Jun,12:25 a.m.,THIRTYEIGHTH ST & MARKET ST,1,2,1,0,0,0,1
17-May,5:25 a.m.,HUNTING PARK AV & BROAD ST,1,2,1,0,2,1,0
17-May,19:30 p.m.,OAKLAND ST,1,2,1,0,1,1,0
17-May,20:44 p.m.,HUNTING PARK AV,1,2,1,0,1,1,0
17-May,15:52 p.m.,FRANKFORD AV,1,2,1,0,1,1,0
17-Jun,16:05 p.m.,16TH ST & CECIL B MOORE AV,2,4,1,0,2,1,0
17-Jun,7:44 a.m.,PRESIDENTIAL BL & CITY AV,1,3,0,2,2,1,0
17-May,22:22 p.m.,46TH ST & CHESTNUT ST,1,2,1,0,1,1,0
17-Jun,20:47 p.m.,ARAMINGO AV,1,3,2,0,1,1,1
17-Jun,14:00 p.m.,SPRUCE ST & 18TH ST,1,2,0,1,1,1,0
17-Jun,11:43 a.m.,JOHN F KENNEDY BL,2,8,2,0,2,1,1
17-May,23:09 p.m.,RIDGE AV & GREEN LN,1,2,1,0,0,0,1
17-Jun,23:00 p.m.,PARKSIDE AV,1,3,1,0,1,1,0
17-Jun,16:30 p.m.,BROAD ST & MOORE ST,1,2,1,0,1,1,0
17-Jul,22:01 p.m.,HAZZARD ST,1,2,1,0,0,0,1
17-Jul,9:45 a.m.,LOCUST ST & BROAD ST,1,2,1,0,1,1,0
17-Jul,13:55 p.m.,2ND ST & FURLEY ST,1,2,0,1,1,1,0
17-Jul,14:07 p.m.,ALTON ST & GRANT AV & WELSH RD,3,5,1,0,0,0,1
17-Aug,15:53 p.m.,ALBURGER AV & VERREE RD,1,2,0,1,1,1,0
17-Apr,20:10 p.m.,FRONT ST,1,2,1,0,1,1,0
17-Jun,11:16 a.m.,5TH ST & BERKS ST,1,4,1,0,1,1,0
17-Jun,4:46 a.m.,VINE STREET EX,2,3,1,0,2,1,1
17-Jul,22:27 p.m.,RAMP A RD & SCHUYLKILL EX,1,2,1,0,0,0,1
17-Aug,12:46 a.m.,BROAD ST,1,3,1,0,0,0,1
17-Aug,1:13 a.m.,40TH ST & WALNUT ST,1,2,1,0,1,1,0
17-Aug,22:25 p.m.,ALLEGHENY AV,1,2,1,0,0,0,1
17-Aug,3:45 a.m.,RACE ST & WATTS ST,1,2,1,0,0,0,1
17-Aug,99:99 p.m.,TWENTYNINTH ST & RIDGE AV,3,2,1,0,1,1,0
17-Aug,21:29 p.m.,RACE ST,1,2,1,0,1,1,0
17-Jun,16:18 p.m.,DIAMOND ST & 17TH ST,1,2,1,0,1,1,0
17-Jul,23:30 p.m.,PARKSIDE AV,1,2,1,0,0,0,1
17-Sep,20:18 p.m.,MARKET ST & THIRTYEIGHTH ST,1,2,1,0,1,1,0
17-Jul,14:45 p.m.,HARBISON AV & ROOSEVELT BL,1,3,1,0,0,0,1
17-Aug,22:34 p.m.,BUSTLETON AV,5,12,1,0,9,2,0
17-Aug,23:45 p.m.,ASHDALE ST & C ST,1,2,0,1,0,0,1
17-Sep,17:22 p.m.,BROAD ST & RAMP RD & VINE ST,1,2,1,0,1,1,0
17-Sep,20:21 p.m.,BROWN ST & 42ND ST,1,2,1,0,1,1,0
17-Jun,12:25 a.m.,ROOSEVELT BL,2,3,1,0,0,0,1
17-Sep,99:99 p.m.,GIRARD AV & 40TH ST & PARKSIDE AV,1,2,1,0,1,1,0
17-Sep,20:57 p.m.,58TH ST & WYALUSING AV & HAVERFORD AV,1,2,1,0,1,1,0
17-Aug,16:24 p.m.,MONTOUR ST & MAYFAIR ST,1,2,1,0,0,0,1
17-Sep,16:44 p.m.,BROAD ST & ONTARIO ST,2,3,0,1,1,1,0
17-Oct,9:17 a.m.,BROAD ST & VINE ST & RAMP RD,1,2,1,0,1,1,0
17-Sep,16:21 p.m.,TORRESDALE AV,5,3,1,0,1,0,1
17-Sep,15:30 p.m.,WASHINGTON LN,1,3,2,0,2,2,0
17-Sep,14:24 p.m.,29TH ST & TWENTYNINTH ST & GIRARD AV,1,2,1,0,1,1,0
17-Sep,9:50 a.m.,BROAD ST & SPRUCE ST,1,2,1,0,1,1,0
17-Sep,12:38 p.m.,8TH ST & WALNUT ST,1,2,1,0,1,1,0
17-Sep,22:36 p.m.,MELON ST,1,2,1,0,1,1,0
17-Sep,12:55 a.m.,GLENWOOD AV & BROAD ST,1,2,1,0,0,0,1
17-Oct,7:12 a.m.,BROAD ST,1,2,1,0,1,1,0
17-Sep,21:26 p.m.,ROOSEVELT BL,1,2,1,0,1,1,0
17-Sep,16:39 p.m.,BRYN MAWR AV & CITY AV,1,2,1,0,1,1,0
17-Oct,8:45 a.m.,CHRISTOPHER COLUMBUS BL,1,2,1,0,0,0,1
17-Sep,20:12 p.m.,TABOR RD & RISING SUN AV,1,2,1,0,1,1,0
17-Oct,11:20 a.m.,PARK AV & CHEW AV,1,2,1,0,1,1,0
17-Oct,4:15 a.m.,PINE RD,1,2,1,0,0,0,1
17-Oct,18:25 p.m.,C ST & WYOMING AV,1,2,1,0,1,1,0
17-Oct,19:34 p.m.,GERMANTOWN AV,1,2,1,0,1,1,0
17-Oct,13:36 p.m.,FRONT ST & GODFREY AV,1,3,2,0,2,1,0
17-Oct,15:20 p.m.,RISING SUN AV & MASCHER AV & TIBER ST,1,3,1,0,1,1,0
17-Oct,17:13 p.m.,SEVENTH ST & ROOSEVELT BL,1,2,1,0,0,0,1
17-Oct,2:37 a.m.,ALLEGHENY AV,1,2,1,0,0,0,1
17-Nov,18:54 p.m.,PENN ST,1,3,1,0,1,1,0
17-Nov,7:26 a.m.,SPRUCE ST & 11TH ST,1,3,1,0,0,0,1
17-Nov,2:44 a.m.,STENTON AV,2,3,2,0,2,2,0
17-Nov,23:00 p.m.,VINE ST & SIXTYTHIRD ST,1,2,1,0,1,1,0
17-Nov,12:02 p.m.,ARAMINGO AV,2,2,1,0,1,1,0
17-Dec,7:53 a.m.,BROAD ST & JEFFERSON ST,1,2,0,1,1,1,0
17-Nov,17:30 p.m.,HENRY AV,1,3,1,0,0,0,1
17-Dec,22:30 p.m.,CHESTNUT ST,1,2,0,1,1,1,0
17-Nov,14:40 p.m.,PEARL ST,1,2,1,0,1,1,0
17-Nov,9:53 a.m.,HAGERT ST & KENSINGTON AV,1,2,0,1,1,1,0
17-Dec,18:26 p.m.,LEHIGH AV,1,2,1,0,0,0,1
17-Dec,21:00 p.m.,MARKET ST & 21ST ST,1,2,1,0,1,1,0
17-Dec,17:56 p.m.,PARKSIDE AV & MEMORIAL AV,1,2,1,0,1,1,0
17-Oct,22:00 p.m.,67TH ST,1,2,1,0,0,0,1
17-Nov,5:39 a.m.,ESSINGTON AV & SIXTYSEVENTH ST,1,2,1,0,0,0,1
17-Nov,14:10 p.m.,ROOSEVELT BL,1,2,1,0,0,0,1
17-Dec,7:15 a.m.,S 4TH ST & OREGON AV,1,2,1,0,1,1,0
17-Nov,9:19 a.m.,WAYNE AV & BERKLEY ST,1,2,1,0,1,1,0
17-Dec,6:21 a.m.,WASHINGTON AV & 24TH ST,3,5,1,0,1,0,1
17-Dec,22:00 p.m.,OLD LANCASTER RD & CITY AV & FIFTYFOURTH ST,1,2,1,0,0,0,1
17-Dec,1:02 a.m.,PASSYUNK AV,1,2,1,0,1,1,0
17-Dec,15:15 p.m.,5TH ST,1,2,0,1,1,1,0
17-Nov,5:01 a.m.,CLEARFIELD ST & KENSINGTON AV & G ST,1,2,0,1,1,1,0
17-Dec,9:15 a.m.,ANDREWS AV,1,2,1,0,1,1,0
17-Dec,9:30 a.m.,BROAD ST & CHESTNUT ST,1,2,1,0,1,1,0
17-Dec,9:55 a.m.,13TH ST & PINE ST,1,2,0,1,1,1,0
17-Dec,18:28 p.m.,LAPSLEY RD & CITY AV,1,2,1,0,1,1,0
